{
  "_fv": 79,
  "_type": "item",
  "definition": {
    "renderType": 0,
    "texture": "bad_apple_disc",
    "customModelName": "Normal",
    "guiTexture": "",
    "customProperties": {},
    "states": [],
    "name": "Bad apple music disc",
    "rarity": "COMMON",
    "creativeTabs": [
      {
        "value": "CUSTOM:Mod"
      }
    ],
    "stackSize": 1,
    "enchantability": 0,
    "useDuration": 0,
    "toolType": 1.0,
    "damageCount": 0,
    "recipeRemainder": {
      "value": ""
    },
    "destroyAnyBlock": false,
    "immuneToFire": false,
    "stayInGridWhenCrafting": false,
    "damageOnCrafting": false,
    "enableMeleeDamage": false,
    "damageVsEntity": 0.0,
    "specialInformation": {
      "fixedValue": []
    },
    "glowCondition": {
      "fixedValue": false
    },
    "inventorySize": 9,
    "inventoryStackSize": 99,
    "enableRanged": false,
    "shootConstantly": false,
    "rangedItemChargesPower": false,
    "projectile": {
      "value": "Arrow"
    },
    "projectileDisableAmmoCheck": false,
    "isFood": false,
    "nutritionalValue": 4,
    "saturation": 0.3,
    "eatResultItem": {
      "value": ""
    },
    "isMeat": false,
    "isAlwaysEdible": false,
    "animation": "none",
    "isMusicDisc": true,
    "musicDiscMusic": {
      "value": "CUSTOM:bad_apple"
    },
    "musicDiscDescription": "Bad apple",
    "musicDiscLengthInTicks": 4380,
    "musicDiscAnalogOutput": 0,
    "providedBannerPatterns": []
  }
}